ID,Description,GeneRatio,BgRatio,RichFactor,FoldEnrichment,zScore,pvalue,p.adjust,qvalue,geneID,Count
GO:0045444,fat cell differentiation,28/539,231/14572,0.121212121212121,3.27700005622084,6.83664630941663,3.27977492956222e-08,0.000142539018438774,0.000123871920497571,DDIT3/IFRD1/VEGFA/BNIP3/RORC/FOSL2/NR4A3/PRDM16/INSIG1/KLF5/KLF4/SAV1/SOX13/NR4A2/CEBPB/METRNL/TRIB3/ERO1A/BMAL1/SH2B2/SOCS1/ZFP36/NR1D1/ZC3H12A/HES1/NR4A1/CDS1/PTGS2,28
GO:1990839,response to endothelin,6/539,10/14572,0.6,16.2211502782931,9.436278704852,4.60945941896099e-07,0.000896186332782536,0.000778820588084322,IRS2/KLF5/KLF4/KLF15/KLF2/KLF11,6
GO:0042594,response to starvation,25/539,220/14572,0.113636363636364,3.07218755270703,6.06943112233028,6.18628393545239e-07,0.000896186332782536,0.000778820588084322,DDIT3/RRAGD/SESN2/ATF3/KLF10/SLC2A1/CDKN1A/STK24/SLC38A3/ADSS1/CHKA/MAP1LC3B/PCK1/GABARAPL1/ULK1/PRKAA2/SESN1/SLC7A5/PRKAG2/PAK3/UPP1/FOS/FOXO3/ZFP36/ZC3H12A,25
GO:0071216,cellular response to biotic stimulus,24/539,213/14572,0.112676056338028,3.0462254043743,5.89583030780039,1.20929493566794e-06,0.00100677922996092,0.000874930093516068,DDIT3/NOD2/GBP2/HMGB2/PDCD4/TNIP1/FZD5/ASS1/TXNIP/BCR/SLC7A5/SASH1/CEBPB/TRIB1/RELA/PTPN22/ARID5A/ZFP36/NFKBIL1/RARA/NR1D1/CD274/SBNO2/ZC3H12A,24
GO:0032496,response to lipopolysaccharide,28/539,277/14572,0.101083032490975,2.73280510103615,5.70638831268359,1.44721517694441e-06,0.00100677922996092,0.000874930093516068,AKAP12/NOD2/GBP2/HMGB2/PDCD4/TNIP1/FOSL2/ASS1/BCR/SLC7A5/SASH1/CEBPB/TRIB1/RELA/PTPN22/FOS/ARID5A/ZFP36/NFKBIL1/RARA/NR1D1/CD274/SBNO2/ZC3H12A/NFKB2/NR4A1/SNCA/GCH1,28
GO:0071219,cellular response to molecule of bacterial origin,22/539,187/14572,0.117647058823529,3.18061770162611,5.88178577218798,1.6298427594194e-06,0.00100677922996092,0.000874930093516068,NOD2/GBP2/HMGB2/PDCD4/TNIP1/FZD5/ASS1/BCR/SLC7A5/SASH1/CEBPB/TRIB1/RELA/PTPN22/ARID5A/ZFP36/NFKBIL1/RARA/NR1D1/CD274/SBNO2/ZC3H12A,22
GO:0002237,response to molecule of bacterial origin,29/539,296/14572,0.097972972972973,2.64872386300958,5.61635186764947,1.77754296612568e-06,0.00100677922996092,0.000874930093516068,AKAP12/NOD2/GBP2/HMGB2/PDCD4/TNIP1/FOSL2/FZD5/ASS1/BCR/SLC7A5/SASH1/CEBPB/TRIB1/RELA/PTPN22/FOS/ARID5A/ZFP36/NFKBIL1/RARA/NR1D1/CD274/SBNO2/ZC3H12A/NFKB2/NR4A1/SNCA/GCH1,29
GO:0071222,cellular response to lipopolysaccharide,21/539,174/14572,0.120689655172414,3.2628750559785,5.88501960248513,1.85325214903069e-06,0.00100677922996092,0.000874930093516068,NOD2/GBP2/HMGB2/PDCD4/TNIP1/ASS1/BCR/SLC7A5/SASH1/CEBPB/TRIB1/RELA/PTPN22/ARID5A/ZFP36/NFKBIL1/RARA/NR1D1/CD274/SBNO2/ZC3H12A,21
GO:0010506,regulation of autophagy,32/539,358/14572,0.0893854748603352,2.41655870067682,5.31840900103204,3.79529787555785e-06,0.00168769076460455,0.00146666855509025,DDIT3/RRAGD/SESN2/PIM2/NOD2/HK2/ERN1/BNIP3/DEPP1/FZD5/ULK1/PRKAA2/SESN1/MOAP1/SLC7A5/RAB37/BNIP3L/CALCOCO2/ATG2A/DAPK2/PLK3/PTPN22/RPGR/USP36/TRIB3/FOXO3/BAG3/PLK2/ZC3H12A/SNCA/SNX32/C9orf72,32
GO:0045598,regulation of fat cell differentiation,17/539,126/14572,0.134920634920635,3.64761315781724,5.84964885830814,3.88331975288667e-06,0.00168769076460455,0.00146666855509025,DDIT3/VEGFA/RORC/INSIG1/KLF5/SAV1/SOX13/CEBPB/METRNL/TRIB3/BMAL1/ZFP36/NR1D1/ZC3H12A/HES1/CDS1/PTGS2,17
GO:0010508,positive regulation of autophagy,20/539,170/14572,0.117647058823529,3.18061770162611,5.60475185934883,4.82663743138396e-06,0.00182911646550105,0.00158957295957996,SESN2/PIM2/NOD2/HK2/BNIP3/ULK1/PRKAA2/SESN1/MOAP1/RAB37/BNIP3L/CALCOCO2/ATG2A/PLK3/RPGR/FOXO3/BAG3/PLK2/ZC3H12A/C9orf72,20
GO:0060537,muscle tissue development,33/539,382/14572,0.0863874345549738,2.33550593012074,5.18382227580191,5.57145845727474e-06,0.00182911646550105,0.00158957295957996,ATF3/YBX3/FOXP2/ZFAND5/IFRD1/VEGFA/FOSL2/BTG2/KLF5/MYOM1/SAP30/SAV1/NEB/SIK1/NRAP/CITED2/SOX9/FOS/ADPRHL1/MYH7/ERO1A/TTN/MAFF/BMAL1/COPS2/TNNC1/CASQ1/RARA/NR4A1/TIPARP/KLHL41/RBM24/ACTN2,33
GO:0009267,cellular response to starvation,21/539,187/14572,0.112299465240642,3.03604416973401,5.49182721031636,5.89222975541066e-06,0.00182911646550105,0.00158957295957996,RRAGD/SESN2/ATF3/KLF10/SLC2A1/CDKN1A/STK24/SLC38A3/CHKA/MAP1LC3B/PCK1/GABARAPL1/PRKAA2/SESN1/SLC7A5/PRKAG2/PAK3/UPP1/FOS/FOXO3/ZC3H12A,21
GO:0044706,multi-multicellular organism process,21/539,187/14572,0.112299465240642,3.03604416973401,5.49182721031636,5.89222975541066e-06,0.00182911646550105,0.00158957295957996,ERRFI1/SLC2A1/SLC38A3/VEGFA/JUNB/AVPR1A/STC2/ITGB4/CITED2/FOSB/FOS/PRLR/CBS/LOC102724560/MAFF/PNOC/GARIN4/RARA/HSD11B2/PTGS2/ACSL4,21
GO:0003009,skeletal muscle contraction,10/539,47/14572,0.212765957446809,5.75218094974934,6.3951042203967,6.64450077436693e-06,0.00192513335769325,0.00167301535287218,DDIT3/STAC2/MYH7/TTN/TNNC1/CASQ1/CHRNE/ADGRD1/SCN4A/ATP2A1,10
GO:0035914,skeletal muscle cell differentiation,12/539,69/14572,0.173913043478261,4.70178268936033,6.04046456761887,7.46630805885593e-06,0.00202803592648674,0.00176244166547204,ATF3/BTG2/KLF5/SAP30/CITED2/FOS/MAFF/BMAL1/COPS2/NR4A1/KLHL41/RBM24,12
GO:0042149,cellular response to glucose starvation,10/539,49/14572,0.204081632653061,5.5173980538412,6.20757579233106,9.86643003765287e-06,0.00252232382021408,0.00219199696440238,SESN2/SLC2A1/CHKA/PRKAA2/SESN1/SLC7A5/PRKAG2/UPP1/FOXO3/ZC3H12A,10
GO:0044703,multi-organism reproductive process,20/539,181/14572,0.110497237569061,2.98732049323999,5.27260832390642,1.24754718354985e-05,0.00260480222544691,0.00226367388885206,ERRFI1/SLC2A1/SLC38A3/VEGFA/JUNB/AVPR1A/STC2/ITGB4/CITED2/FOSB/FOS/PRLR/CBS/LOC102724560/MAFF/PNOC/RARA/HSD11B2/PTGS2/ACSL4,20
GO:0038066,p38MAPK cascade,11/539,61/14572,0.180327868852459,4.87520910003346,5.94395053816034,1.24916520443917e-05,0.00260480222544691,0.00226367388885206,GADD45B/NOD2/DUSP1/GADD45A/SASH1/STK39/FBXO31/PTPN22/PER1/ZFP36/ZC3H12A,11
GO:0016239,positive regulation of macroautophagy,14/539,97/14572,0.144329896907216,3.90199491230419,5.62000920277455,1.25864810709584e-05,0.00260480222544691,0.00226367388885206,SESN2/PIM2/NOD2/HK2/BNIP3/ULK1/PRKAA2/SESN1/MOAP1/BNIP3L/CALCOCO2/ATG2A/BAG3/C9orf72,14
GO:1990823,response to leukemia inhibitory factor,14/539,97/14572,0.144329896907216,3.90199491230419,5.62000920277455,1.25864810709584e-05,0.00260480222544691,0.00226367388885206,CTH/PIGA/HK2/SPRY4/FOSL2/KLF5/KLF4/ICAM1/RNMT/SRSF7/TEX14/SOCS3/SBNO2/KDM3A,14
GO:0051384,response to glucocorticoid,15/539,112/14572,0.133928571428571,3.62079247283329,5.45658967226356,1.56647459207358e-05,0.0030944993532508,0.00268923963462201,ERRFI1/DDIT4/PCK1/DUSP1/FOSL2/ASS1/KLF9/AVPR1A/PTPRU/FOSB/FOS/FOXO3/ZFP36/HSD11B2/FBXO32,15
GO:1901654,response to ketone,21/539,203/14572,0.103448275862069,2.79675004798158,5.05226603307299,2.09666264024517e-05,0.0039617807976111,0.00344294075661313,ERRFI1/DDIT4/PCK1/DUSP1/PIM3/ASS1/KLF9/BTG2/TXNIP/PRKAA2/AVPR1A/CFTR/STK39/RELA/FOSB/FOS/HOXA13/FOXO3/ADCY2/AARD/FBXO32,21
GO:0048545,response to steroid hormone,27/539,304/14572,0.0888157894736842,2.40115711356313,4.83844575660068,2.43002637092792e-05,0.00440037275335531,0.00382409413109184,JUN/ERRFI1/DDIT4/HMGB2/PCK1/DUSP1/FOSL2/ASS1/JUNB/KLF9/NR4A3/TXNIP/AVPR1A/STK39/RELA/PTPRU/FOSB/CALCOCO1/FOS/FOXO3/BMAL1/PER1/ZFP36/NR1D1/HSD11B2/FBXO32/KDM3A,27
GO:0031960,response to corticosteroid,16/539,131/14572,0.122137404580153,3.30201532382557,5.18691371121636,2.66530427109336e-05,0.0046333649448687,0.00402657335776125,ERRFI1/DDIT4/PCK1/DUSP1/FOSL2/ASS1/KLF9/AVPR1A/STK39/PTPRU/FOSB/FOS/FOXO3/ZFP36/HSD11B2/FBXO32,16
GO:0016051,carbohydrate biosynthetic process,19/539,176/14572,0.107954545454545,2.91857817507168,5.01855529727925,2.84467247670615e-05,0.0047549794552942,0.00413226107142577,SESN2/ATF3/IRS2/PFKFB3/NANS/PCK1/GYS1/GYG1/ENO2/PRKAG2/PPP1R3E/SIK1/INSR/CHST15/PFKFB4/PPP1R3C/NR1D1/FUT6/SNCA,19
GO:0005996,monosaccharide metabolic process,23/539,244/14572,0.0942622950819672,2.54840475683567,4.78024793629638,3.83996350504911e-05,0.00599800904526529,0.00521250186606241,ERRFI1/SESN2/ATF3/IRS2/SLC2A1/PFKFB3/SLC2A3/GSTO2/HK2/PCK1/RORC/ENO2/PRKAG2/PPP1R3E/SIK1/INSR/HSD17B14/PDK1/CHST15/PFKFB4/ERO1A/DCXR/FUT6,23
GO:0050881,musculoskeletal movement,10/539,57/14572,0.175438596491228,4.74302639716174,5.54901114093298,3.97484681350384e-05,0.00599800904526529,0.00521250186606241,DDIT3/STAC2/MYH7/TTN/TNNC1/CASQ1/CHRNE/ADGRD1/SCN4A/ATP2A1,10
GO:0019217,regulation of fatty acid metabolic process,12/539,81/14572,0.148148148148148,4.00522229093658,5.31537282602162,4.00235302146096e-05,0.00599800904526529,0.00521250186606241,IRS2/ANGPTL4/PLIN5/ACADL/INSIG1/AVPR1A/PRKAG2/SOX9/PDK1/TRIB3/SNCA/PTGS2,12
GO:0015801,aromatic amino acid transport,5/539,12/14572,0.416666666666667,11.2646876932591,6.97139153847586,4.33729240022872e-05,0.00617832496143054,0.00536920337191193,SLC38A3/SLC3A2/SLC7A8/SLC7A5/SLC25A29,5
GO:1990830,cellular response to leukemia inhibitory factor,13/539,95/14572,0.136842105263158,3.69956058978615,5.17343972901683,4.55316779835709e-05,0.00617832496143054,0.00536920337191193,CTH/PIGA/HK2/SPRY4/KLF5/KLF4/ICAM1/RNMT/SRSF7/TEX14/SOCS3/SBNO2/KDM3A,13
GO:0050879,multicellular organismal movement,10/539,58/14572,0.172413793103448,4.66125007996929,5.47537199913507,4.64624616543438e-05,0.00617832496143054,0.00536920337191193,DDIT3/STAC2/MYH7/TTN/TNNC1/CASQ1/CHRNE/ADGRD1/SCN4A/ATP2A1,10
GO:0007565,female pregnancy,18/539,167/14572,0.107784431137725,2.91397909190895,4.87531400539463,4.69131899970566e-05,0.00617832496143054,0.00536920337191193,ERRFI1/SLC2A1/SLC38A3/VEGFA/JUNB/STC2/ITGB4/CITED2/FOSB/FOS/PRLR/CBS/LOC102724560/PNOC/RARA/HSD11B2/PTGS2/ACSL4,18
GO:1900744,regulation of p38MAPK cascade,8/539,37/14572,0.216216216216216,5.84545955974527,5.78351833011107,4.97403778302014e-05,0.00630515762508678,0.00547942586257451,GADD45B/DUSP1/GADD45A/SASH1/STK39/PTPN22/PER1/ZC3H12A,8
GO:0060538,skeletal muscle organ development,18/539,168/14572,0.107142857142857,2.89663397826663,4.84574337074308,5.0777845577091e-05,0.00630515762508678,0.00547942586257451,ATF3/YBX3/FOXP2/ASS1/BTG2/KLF5/MYOM1/SAP30/CITED2/FOS/ERO1A/MAFF/BMAL1/COPS2/CASQ1/NR4A1/KLHL41/RBM24,18
GO:0031667,response to nutrient levels,36/539,483/14572,0.0745341614906832,2.01504972401157,4.44615498497624,5.3087395758307e-05,0.0064088283879334,0.00556951976552063,DDIT3/RRAGD/SESN2/ATF3/KLF10/SLC2A1/CDKN1A/STK24/SLC38A3/ADSS1/CHKA/NOD2/BNIP3/MAP1LC3B/PCK1/GABARAPL1/ASS1/ULK1/PRKAA2/SESN1/STC2/SLC7A5/PRKAG2/PAK3/STK39/RELA/UPP1/FOS/PRKAB2/CBS/LOC102724560/FOXO3/ZFP36/RARA/HSD11B2/ZC3H12A,36
GO:0062197,cellular response to chemical stress,26/539,301/14572,0.0863787375415282,2.33527080418395,4.58763858765353,5.48857108059459e-05,0.00644684592331462,0.00560255847430253,DDIT3/ERRFI1/SESN2/YBX3/SLC2A1/STK24/ARHGEF2/ERN1/BNIP3/PRKAA2/KLF4/NR4A2/ANKZF1/STK39/OSER1/FBXO31/RELA/RHOB/FOS/FOXO3/BMAL1/KLF2/ZC3H12A/SNCA/GCH1/PTGS2,26
GO:0071456,cellular response to hypoxia,16/539,140/14572,0.114285714285714,3.08974291015107,4.86919780204041,6.05567225331094e-05,0.00677434741094056,0.00588716993495645,HILPDA/NDRG1/EGLN3/VEGFA/BNIP3/STC2/BNIP3L/CITED2/FAM162A/FOS/PDK1/CBS/LOC102724560/ERO1A/FOXO3/PTGS2,16
GO:0007519,skeletal muscle tissue development,17/539,155/14572,0.109677419354839,2.96515650248369,4.82046952584413,6.07914286761808e-05,0.00677434741094056,0.00588716993495645,ATF3/YBX3/FOXP2/BTG2/KLF5/MYOM1/SAP30/CITED2/FOS/ERO1A/MAFF/BMAL1/COPS2/CASQ1/NR4A1/KLHL41/RBM24,17
GO:0010565,regulation of ketone metabolic process,14/539,112/14572,0.125,3.37940630797774,4.95401449020262,6.50823068971702e-05,0.00707119264437754,0.00614513992492228,IRS2/ADM/ANGPTL4/PLIN5/ACADL/INSIG1/AVPR1A/PRKAG2/SOX9/PDK1/TRIB3/NR1D1/SNCA/PTGS2,14
GO:0061469,regulation of type B pancreatic cell proliferation,5/539,13/14572,0.384615384615385,10.3981732553161,6.64374797047791,6.83408697107391e-05,0.00724413218933834,0.00629543107887373,ERRFI1/IRS2/NR4A3/NR1D1/NR4A1,5
GO:0009612,response to mechanical stimulus,20/539,204/14572,0.0980392156862745,2.65051475135509,4.65264731900277,7.04145764350624e-05,0.00728623212349479,0.00633201755010034,KIT/JUN/PDE2A/SLC2A1/FOXP2/BNIP3/HPN/GADD45A/PHF24/IRF1/BTG2/TXNIP/CITED2/RELA/FOSB/SOX9/FOS/TTN/JUP/BAG3,20
GO:0006979,response to oxidative stress,30/539,379/14572,0.079155672823219,2.13999344040807,4.40705687261131,7.63575170419654e-05,0.00771743648986934,0.00670675082366149,SESN2/STK24/ERN1/BNIP3/DUSP1/GPX3/NR4A3/TXNIP/PRKAA2/KLF4/SESN1/STC2/NR4A2/ANKZF1/PLK3/OSER1/FBXO31/RELA/RHOB/FOS/ERO1A/FOXO3/BMAL1/KLF2/ZC3H12A/BTG1/SGK2/SNCA/GCH1/PTGS2,30
GO:0014706,striated muscle tissue development,29/539,362/14572,0.0801104972375691,2.16580735759899,4.40197769142502,8.11901720056096e-05,0.00801937471673589,0.00696914682191692,ATF3/YBX3/FOXP2/IFRD1/VEGFA/BTG2/KLF5/MYOM1/SAP30/SAV1/NEB/SIK1/NRAP/CITED2/FOS/ADPRHL1/MYH7/ERO1A/TTN/MAFF/BMAL1/COPS2/TNNC1/CASQ1/RARA/NR4A1/KLHL41/RBM24/ACTN2,29
GO:0140467,integrated stress response signaling,9/539,51/14572,0.176470588235294,4.77092655243916,5.28687080881946,9.20787524111263e-05,0.00889276128841678,0.00772815353569874,DDIT3/JUN/HERC5/PPP1R15A/JUNB/CEBPG/NCK1/CEBPB/FOS,9
GO:0062012,regulation of small molecule metabolic process,25/539,295/14572,0.0847457627118644,2.29112292066287,4.39060045755359,0.00010323682748353,0.00965883573134376,0.00839390185871132,KIT/SESN2/IRS2/DDIT4/ADM/ANGPTL4/PCK1/RORC/PLIN5/ACADL/INSIG1/PRKAA2/AVPR1A/PRKAG2/PPP1R3E/SIK1/INSR/SOX9/PDK1/TRIB3/GPR146/NR1D1/IER3/SNCA/PTGS2,25
GO:0001666,response to hypoxia,24/539,278/14572,0.0863309352517986,2.33397845730836,4.40106846086469,0.000106247915749936,0.00965883573134376,0.00839390185871132,HILPDA/DDIT4/SLC2A1/NDRG1/EGLN3/ANGPTL4/VEGFA/HK2/BNIP3/FOSL2/STC2/BNIP3L/NR4A2/CITED2/FAM162A/FOS/PDK1/CBS/LOC102724560/ERO1A/FOXO3/PGF/HSD11B2/PTGS2,24
GO:1901655,cellular response to ketone,13/539,103/14572,0.12621359223301,3.4122160779581,4.81481229567118,0.000106678351381615,0.00965883573134376,0.00839390185871132,ERRFI1/DDIT4/PCK1/PIM3/ASS1/KLF9/BTG2/PRKAA2/CFTR/FOS/FOXO3/ADCY2/FBXO32,13
GO:0036294,cellular response to decreased oxygen levels,16/539,148/14572,0.108108108108108,2.92272977987264,4.6075499575975,0.000118007047012477,0.0104665025778821,0.00909579558927532,HILPDA/NDRG1/EGLN3/VEGFA/BNIP3/STC2/BNIP3L/CITED2/FAM162A/FOS/PDK1/CBS/LOC102724560/ERO1A/FOXO3/PTGS2,16
GO:0030239,myofibril assembly,10/539,65/14572,0.153846153846154,4.15926930212645,5.00285965087898,0.000126409638270366,0.0109875257584602,0.00954858488661203,MYOM1/NEB/NRAP/ADPRHL1/TMOD1/TTN/CASQ1/MYBPH/KLHL41/ACTN2,10
GO:0005977,glycogen metabolic process,11/539,78/14572,0.141025641025641,3.81266352694924,4.88129161159266,0.000131772388183225,0.0112290744910646,0.00975850007846052,IRS2/GABARAPL1/GYS1/GYG1/PRKAG2/PPP1R3E/ATG2A/INSR/PPP1R3C/NR1D1/PYGM,11
GO:0044042,glucan metabolic process,11/539,80/14572,0.1375,3.71734693877551,4.7762793634515,0.000166060374824836,0.0138788151728603,0.0120612272241197,IRS2/GABARAPL1/GYS1/GYG1/PRKAG2/PPP1R3E/ATG2A/INSR/PPP1R3C/NR1D1/PYGM,11
GO:0031669,cellular response to nutrient levels,23/539,269/14572,0.0855018587360595,2.31156416605169,4.25516017167771,0.000169747288719094,0.0139192776749657,0.0120963907035573,RRAGD/SESN2/ATF3/KLF10/SLC2A1/CDKN1A/STK24/SLC38A3/CHKA/MAP1LC3B/PCK1/GABARAPL1/ULK1/PRKAA2/SESN1/SLC7A5/PRKAG2/PAK3/UPP1/FOS/PRKAB2/FOXO3/ZC3H12A,23
GO:0036293,response to decreased oxygen levels,24/539,291/14572,0.0824742268041237,2.22971137845954,4.15273459227334,0.000213240831867615,0.0171619380610492,0.0149143880066472,HILPDA/DDIT4/SLC2A1/NDRG1/EGLN3/ANGPTL4/VEGFA/HK2/BNIP3/FOSL2/STC2/BNIP3L/NR4A2/CITED2/FAM162A/FOS/PDK1/CBS/LOC102724560/ERO1A/FOXO3/PGF/HSD11B2/PTGS2,24
GO:1903131,mononuclear cell differentiation,33/539,461/14572,0.0715835140997831,1.93527823276816,3.9992282609707,0.000229900407144268,0.01796842928066,0.0156152600719374,KIT/JUN/PDE2A/JMJD6/DNAJB9/IRF2BP2/VEGFA/IRF4/PCK1/RORC/FOSL2/FZD5/IRF1/JUNB/LMBR1L/NFIL3/CEBPG/NCKAP1L/SOX13/CEBPB/TRIB1/PTPN22/PNP/FOS/CD79B/IL6R/FOXO3/SOCS1/RARA/SOCS3/ZC3H12A/INPP5D/FGL2,33
GO:2000628,regulation of miRNA metabolic process,11/539,83/14572,0.132530120481928,3.58298500122941,4.62493382819931,0.000231530611991937,0.01796842928066,0.0156152600719374,JUN/ATOH8/VEGFA/KLF4/RELA/SOX9/FOS/FOXO3/RARA/NEAT1/ZC3H12A,11
GO:0002573,myeloid leukocyte differentiation,20/539,223/14572,0.0896860986547085,2.42468614025308,4.20169585439111,0.000237345637913327,0.0180965639012512,0.0157266140135368,KIT/JUN/KLF10/PDE2A/VEGFA/IRF4/FOSL2/GAB2/JUNB/PRDM16/CEBPB/TRIB1/EPHA2/CITED2/FOS/FAM20C/SOCS1/RARA/SBNO2/INPP5D,20
GO:0050873,brown fat cell differentiation,8/539,46/14572,0.173913043478261,4.70178268936033,4.92811252018636,0.000250902682084704,0.0188003975231055,0.0163382726555339,BNIP3/PRDM16/SOX13/CEBPB/METRNL/ERO1A/SH2B2/PTGS2,8
GO:0001889,liver development,14/539,128/14572,0.109375,2.95698051948052,4.35824405663025,0.000274500690461261,0.020220000012621,0.0175719621297949,JUN/ERRFI1/HPN/PCK1/ASS1/CEBPG/SLC7A5/CEBPB/CITED2/RELA/BAAT/SOX9/RARA/HES1,14
GO:0070482,response to oxygen levels,25/539,315/14572,0.0793650793650794,2.14565479871602,4.0286429612778,0.000286217532032029,0.0206998714201751,0.0179889889446044,HILPDA/DDIT4/SLC2A1/NDRG1/EGLN3/ANGPTL4/VEGFA/HK2/BNIP3/FOSL2/STC2/SLC7A5/BNIP3L/NR4A2/CITED2/FAM162A/FOS/PDK1/CBS/LOC102724560/ERO1A/FOXO3/PGF/HSD11B2/PTGS2,25
GO:0014819,regulation of skeletal muscle contraction,5/539,17/14572,0.294117647058824,7.95154425406526,5.62035110272526,0.000290541223338858,0.0206998714201751,0.0179889889446044,MYH7/CASQ1/ADGRD1/SCN4A/ATP2A1,5
GO:0016241,regulation of macroautophagy,18/539,193/14572,0.0932642487046632,2.52142232305075,4.16992165890589,0.000298222417560031,0.0209044294631596,0.0181667577963564,SESN2/PIM2/NOD2/HK2/ERN1/BNIP3/FZD5/ULK1/PRKAA2/SESN1/MOAP1/BNIP3L/CALCOCO2/ATG2A/USP36/BAG3/SNX32/C9orf72,18
GO:0006941,striated muscle contraction,17/539,177/14572,0.096045197740113,2.59660597675126,4.18834403943507,0.000308527712245202,0.0210721546841889,0.0183125175011189,DDIT3/STAC2/MYH7/TTN/TMEM38B/JUP/TNNC1/CASQ1/CHRNE/ADGRD1/SCN4A/JPH1/ATP2A1/MYBPH/ZC3H12A/KLHL41/TRDN,17
GO:0090257,regulation of muscle system process,19/539,211/14572,0.0900473933649289,2.43445383323515,4.11338406227811,0.000320469017750171,0.0210721546841889,0.0183125175011189,KIT/ERRFI1/NR4A3/KLF4/GTF2IRD1/MYH7/FOXO3/TMEM38B/JUP/TNNC1/CASQ1/ADGRD1/SCN4A/JPH1/ATP2A1/MYBPH/ZC3H12A/FBXO32/TRDN,19
GO:0015820,L-leucine transport,4/539,10/14572,0.4,10.8141001855288,6.08420407753664,0.000325362997553887,0.0210721546841889,0.0183125175011189,SLC3A2/SLC6A15/SLC7A8/SLC7A5,4
GO:0030853,negative regulation of granulocyte differentiation,4/539,10/14572,0.4,10.8141001855288,6.08420407753664,0.000325362997553887,0.0210721546841889,0.0183125175011189,PRDM16/TRIB1/RARA/INPP5D,4
GO:1905939,regulation of gonad development,4/539,10/14572,0.4,10.8141001855288,6.08420407753664,0.000325362997553887,0.0210721546841889,0.0183125175011189,INSR/CITED2/SOX9/GDF9,4
GO:0000302,response to reactive oxygen species,17/539,178/14572,0.0955056179775281,2.58201830272456,4.16192792253898,0.000329706976190714,0.0210721546841889,0.0183125175011189,SESN2/ERN1/BNIP3/DUSP1/NR4A3/TXNIP/KLF4/SESN1/ANKZF1/PLK3/OSER1/RELA/RHOB/FOS/FOXO3/KLF2/GCH1,17
GO:0071453,cellular response to oxygen levels,16/539,162/14572,0.0987654320987654,2.67014819395772,4.18932761200029,0.000335946603863307,0.021159767252028,0.0183886562114652,HILPDA/NDRG1/EGLN3/VEGFA/BNIP3/STC2/BNIP3L/CITED2/FAM162A/FOS/PDK1/CBS/LOC102724560/ERO1A/FOXO3/PTGS2,16
GO:0061008,hepaticobiliary system development,14/539,131/14572,0.106870229007634,2.88926340834738,4.25689880316317,0.000349227155725723,0.0216820174111999,0.01884251180066,JUN/ERRFI1/HPN/PCK1/ASS1/CEBPG/SLC7A5/CEBPB/CITED2/RELA/BAAT/SOX9/RARA/HES1,14
GO:0035886,vascular associated smooth muscle cell differentiation,6/539,27/14572,0.222222222222222,6.00783343640487,5.10432940911969,0.000379583356277762,0.0232347783997627,0.0201919211612248,CTH/KIT/ADM/VEGFA/PDCD4/HES1,6
GO:0071385,cellular response to glucocorticoid stimulus,8/539,49/14572,0.163265306122449,4.41391844307296,4.69123093241524,0.00039345748697466,0.023749531088776,0.0206392611588462,ERRFI1/DDIT4/PCK1/ASS1/KLF9/FOXO3/ZFP36/FBXO32,8
GO:0006942,regulation of striated muscle contraction,11/539,89/14572,0.123595505617978,3.34143545058473,4.34221903253945,0.000429144334021863,0.0252035307521489,0.0219028431076877,MYH7/TMEM38B/JUP/CASQ1/ADGRD1/SCN4A/JPH1/ATP2A1/MYBPH/ZC3H12A/TRDN,11
GO:0060349,bone morphogenesis,11/539,89/14572,0.123595505617978,3.34143545058473,4.34221903253945,0.000429144334021863,0.0252035307521489,0.0219028431076877,DHRS3/TMEM107/PAPPA2/FOSL2/INSIG1/CITED2/SOX9/OSR2/CBS/LOC102724560/RARA,11
GO:0070059,intrinsic apoptotic signaling pathway in response to endoplasmic reticulum stress,9/539,63/14572,0.142857142857143,3.86217863768884,4.46182024205379,0.000483382227730188,0.0275219304972786,0.0239176221629654,DDIT3/ERN1/PPP1R15A/HERPUD1/NCK1/CEBPB/TRIB3/ERO1A/ATP2A1,9
GO:0097193,intrinsic apoptotic signaling pathway,24/539,308/14572,0.0779220779220779,2.10664289328482,3.84703370790406,0.000490855696306026,0.0275219304972786,0.0239176221629654,DDIT3/DDIT4/YBX3/CDKN1A/STK24/ARHGEF2/ERN1/BNIP3/PPP1R15A/HERPUD1/MOAP1/NCK1/DAPK2/CEBPB/ELL3/EPHA2/ACKR3/PDK1/TRIB3/ERO1A/HIP1R/ATP2A1/IER3/PTGS2,24
GO:0019852,L-ascorbic acid metabolic process,4/539,11/14572,0.363636363636364,9.83100016866251,5.7421486853666,0.000496373907821678,0.0275219304972786,0.0239176221629654,SLC2A1/SLC2A3/GSTO2/ERO1A,4
GO:0005978,glycogen biosynthetic process,7/539,39/14572,0.17948717948718,4.85248085248085,4.72127127323854,0.000500283596245975,0.0275219304972786,0.0239176221629654,IRS2/GYS1/GYG1/PPP1R3E/INSR/PPP1R3C/NR1D1,7
GO:0009250,glucan biosynthetic process,7/539,39/14572,0.17948717948718,4.85248085248085,4.72127127323854,0.000500283596245975,0.0275219304972786,0.0239176221629654,IRS2/GYS1/GYG1/PPP1R3E/INSR/PPP1R3C/NR1D1,7
GO:0062013,positive regulation of small molecule metabolic process,14/539,136/14572,0.102941176470588,2.78304048892284,4.09421855079984,0.000512449089764505,0.0278387968014567,0.0241929912378295,IRS2/ADM/PCK1/PLIN5/INSIG1/PRKAA2/AVPR1A/PRKAG2/PPP1R3E/INSR/GPR146/NR1D1/SNCA/PTGS2,14
GO:1904659,D-glucose transmembrane transport,11/539,91/14572,0.120879120879121,3.26799730881364,4.25331701420143,0.000520408845720382,0.0279221832530961,0.0242654572897301,SESN2/IRS2/SLC2A1/SLC2A3/HK2/NR4A3/PRKAG2/INSR/SLC25A27/KLF15/TRIB3,11
GO:0045600,positive regulation of fat cell differentiation,9/539,64/14572,0.140625,3.80183209647495,4.40242654733374,0.000544389302088122,0.028407082744757,0.0246868537041171,KLF5/SAV1/SOX13/CEBPB/METRNL/ZFP36/ZC3H12A/CDS1/PTGS2,9
GO:0046323,D-glucose import,9/539,64/14572,0.140625,3.80183209647495,4.40242654733374,0.000544389302088122,0.028407082744757,0.0246868537041171,SESN2/IRS2/SLC2A1/SLC2A3/HK2/PRKAG2/INSR/SLC25A27/KLF15,9
GO:0072593,reactive oxygen species metabolic process,18/539,203/14572,0.0886699507389163,2.39721432684135,3.92881496920149,0.00054905544191431,0.028407082744757,0.0246868537041171,SESN2/DDIT4/CDKN1A/HK2/BNIP3/GADD45A/GPX3/PLIN5/SESN1/BCR/CBS/LOC102724560/FOXO3/DCXR/IER3/ZC3H12A/SNCA/GCH1,18
GO:0006112,energy reserve metabolic process,11/539,92/14572,0.119565217391304,3.23247559893523,4.20978728976356,0.000571796140661611,0.0285760860527119,0.0248337241158549,IRS2/GABARAPL1/GYS1/GYG1/PRKAG2/PPP1R3E/ATG2A/INSR/PPP1R3C/NR1D1/PYGM,11
GO:0042542,response to hydrogen peroxide,11/539,92/14572,0.119565217391304,3.23247559893523,4.20978728976356,0.000571796140661611,0.0285760860527119,0.0248337241158549,ERN1/BNIP3/DUSP1/NR4A3/TXNIP/KLF4/ANKZF1/OSER1/RELA/RHOB/KLF2,11
GO:0042401,biogenic amine biosynthetic process,6/539,29/14572,0.206896551724138,5.59350009596315,4.85265622414075,0.000572047741966391,0.0285760860527119,0.0248337241158549,ALDH2/NR4A2/SMOX/ODC1/SNCA/GCH1,6
GO:0019318,hexose metabolic process,19/539,223/14572,0.0852017937219731,2.30345183324043,3.8441506584404,0.000637633417559727,0.0312921283234438,0.0271940699068754,ERRFI1/SESN2/ATF3/IRS2/PFKFB3/HK2/PCK1/RORC/ENO2/PRKAG2/PPP1R3E/SIK1/INSR/HSD17B14/PDK1/CHST15/PFKFB4/DCXR/FUT6,19
GO:0033673,negative regulation of kinase activity,10/539,79/14572,0.126582278481013,3.42218360301543,4.23063208228316,0.000640819010765417,0.0312921283234438,0.0271940699068754,ERRFI1/GPRC5A/CDKN1B/CDKN1A/PDCD4/DUSP1/GADD45A/PTPN22/MIDN/GCKR,10
GO:0015802,basic amino acid transport,5/539,20/14572,0.25,6.75881261595547,5.05068637128701,0.000663969380065011,0.0317100101732147,0.0275572253981869,SLC47A1/SLC38A3/SLC3A2/SLC7A5/SLC25A29,5
GO:0071474,cellular hyperosmotic response,5/539,20/14572,0.25,6.75881261595547,5.05068637128701,0.000663969380065011,0.0317100101732147,0.0275572253981869,ERRFI1/YBX3/SLC2A1/ARHGEF2/STK39,5
GO:0009309,amine biosynthetic process,6/539,30/14572,0.2,5.40705009276438,4.7354400539646,0.000692974263432406,0.0327355016182308,0.028448417130383,ALDH2/NR4A2/SMOX/ODC1/SNCA/GCH1,6
GO:0051348,negative regulation of transferase activity,11/539,95/14572,0.115789473684211,3.13039742212675,4.08269505190051,0.00075198985205194,0.0351413752367498,0.0305392143651654,ERRFI1/GPRC5A/CDKN1B/CDKN1A/PDCD4/DUSP1/GADD45A/PTPN22/MIDN/GCKR/ZFP36,11
GO:0030098,lymphocyte differentiation,27/539,375/14572,0.072,1.94653803339518,3.63931134310626,0.000765649315487978,0.0353990630330931,0.0307631550276693,KIT/JMJD6/DNAJB9/IRF2BP2/IRF4/PCK1/RORC/FOSL2/FZD5/IRF1/JUNB/LMBR1L/NFIL3/CEBPG/NCKAP1L/SOX13/PTPN22/PNP/CD79B/IL6R/FOXO3/SOCS1/RARA/SOCS3/ZC3H12A/INPP5D/FGL2,27
GO:0060428,lung epithelium development,7/539,42/14572,0.166666666666667,4.50587507730365,4.45914992322897,0.000797372241511003,0.0364776817011244,0.0317005163716507,ERRFI1/FOXP2/FOSL2/SAV1/SOX9/TMEM38B/KLF2,7
GO:0043434,response to peptide hormone,28/539,396/14572,0.0707070707070707,1.91158336612882,3.60438299173429,0.000815103903303642,0.0368123615971954,0.0319913661469076,ERRFI1/SESN2/IRS2/SLC2A1/PCK1/ASS1/NR4A3/BTG2/INSIG1/KLF5/KLF4/STC2/NCK1/NR4A2/INSR/RELA/FOS/KLF15/TRIB3/SH2B2/SOCS1/SOCS3/KLF2/HSD11B2/BTG1/NR4A1/KLF11/ACTN2,28
GO:0008645,hexose transmembrane transport,11/539,96/14572,0.114583333333333,3.09778911564626,4.04144763606647,0.000821628871359401,0.0368123615971954,0.0319913661469076,SESN2/IRS2/SLC2A1/SLC2A3/HK2/NR4A3/PRKAG2/INSR/SLC25A27/KLF15/TRIB3,11
GO:0009261,ribonucleotide catabolic process,13/539,128/14572,0.1015625,2.74576762523191,3.88786771313602,0.000911948682174614,0.0400336259871805,0.0347907695017811,DDIT4/PDE2A/PFKFB3/HK2/PRKAA2/ENO2/PRKAG2/INSR/PNP/UPP1/AMPD3/PFKFB4/IER3,13
GO:0030856,regulation of epithelial cell differentiation,13/539,128/14572,0.1015625,2.74576762523191,3.88786771313602,0.000911948682174614,0.0400336259871805,0.0347907695017811,ERRFI1/ATOH8/CDKN1B/VEGFA/CEBPB/SOX9/SPRY1/PRLR/MAFF/ZFP36/BTG1/NOTCH4/HES1,13
GO:0005976,polysaccharide metabolic process,11/539,98/14572,0.112244897959184,3.03456892961266,3.96054507883206,0.000976994423430446,0.0424601776422872,0.0368995367501941,IRS2/GABARAPL1/GYS1/GYG1/PRKAG2/PPP1R3E/ATG2A/INSR/PPP1R3C/NR1D1/PYGM,11
GO:0045922,negative regulation of fatty acid metabolic process,6/539,32/14572,0.1875,5.06910946196661,4.51602105253035,0.000993334278283264,0.0427428789447433,0.0371452151170438,ANGPTL4/PLIN5/ACADL/INSIG1/SOX9/TRIB3,6
GO:0051412,response to corticosterone,4/539,13/14572,0.307692307692308,8.31853860425289,5.17361456082605,0.00101377819085166,0.0431949021317775,0.0375380407510397,AVPR1A/FOSB/FOS/FOXO3,4
GO:0015749,monosaccharide transmembrane transport,11/539,99/14572,0.111111111111111,3.00391671820243,3.92086404795561,0.00106333361917679,0.0448664845528383,0.0389907105325123,SESN2/IRS2/SLC2A1/SLC2A3/HK2/NR4A3/PRKAG2/INSR/SLC25A27/KLF15/TRIB3,11
GO:0071384,cellular response to corticosteroid stimulus,8/539,57/14572,0.140350877192982,3.79442111772939,4.14271027489864,0.0011131037884724,0.0465148948528948,0.0404232428445241,ERRFI1/DDIT4/PCK1/ASS1/KLF9/FOXO3/ZFP36/FBXO32,8
GO:0006109,regulation of carbohydrate metabolic process,15/539,164/14572,0.0914634146341463,2.47273632291054,3.71713959776114,0.00113334660441158,0.0469097556454545,0.0407663921466541,SESN2/IRS2/DDIT4/RORC/PRKAA2/PRKAG2/PPP1R3E/SIK1/INSR/PDK1/MIDN/GCKR/PPP1R3C/IER3/SNCA,15
GO:1902893,regulation of miRNA transcription,9/539,71/14572,0.126760563380282,3.42700357992109,4.01757889638345,0.0011714305123336,0.047792182370995,0.0415332551038172,JUN/ATOH8/VEGFA/KLF4/RELA/SOX9/FOS/FOXO3/RARA,9
GO:0072539,T-helper 17 cell differentiation,6/539,33/14572,0.181818181818182,4.91550008433125,4.41306920879483,0.0011766598052684,0.047792182370995,0.0415332551038172,IRF4/RORC/JUNB/IL6R/SOCS3/ZC3H12A,6
GO:0006006,glucose metabolic process,16/539,182/14572,0.0879120879120879,2.37672531550083,3.66282689562968,0.00119913726825466,0.048254171924396,0.0419347418956894,ERRFI1/SESN2/ATF3/IRS2/PFKFB3/HK2/PCK1/RORC/ENO2/PRKAG2/PPP1R3E/SIK1/INSR/PDK1/PFKFB4/DCXR,16
GO:0072538,T-helper 17 type immune response,7/539,45/14572,0.155555555555556,4.20548340548341,4.2206138585385,0.00121897392521844,0.0486023915504527,0.0422373582200267,IRF4/RORC/JUNB/ARID5A/IL6R/SOCS3/ZC3H12A,7
GO:0010586,miRNA metabolic process,11/539,101/14572,0.108910891089109,2.94443321883209,3.84298107887967,0.00125493723590196,0.0491587887039401,0.0427208888681031,JUN/ATOH8/VEGFA/KLF4/RELA/SOX9/FOS/FOXO3/RARA/NEAT1/ZC3H12A,11
GO:0034599,cellular response to oxidative stress,19/539,236/14572,0.0805084745762712,2.17656677462973,3.57126752423627,0.00125677358961721,0.0491587887039401,0.0427208888681031,SESN2/STK24/ERN1/BNIP3/PRKAA2/KLF4/NR4A2/ANKZF1/OSER1/FBXO31/RELA/RHOB/FOS/FOXO3/BMAL1/KLF2/ZC3H12A/SNCA/GCH1,19
GO:0061614,miRNA transcription,9/539,72/14572,0.125,3.37940630797774,3.96656572451961,0.0012958586408781,0.0491587887039401,0.0427208888681031,JUN/ATOH8/VEGFA/KLF4/RELA/SOX9/FOS/FOXO3/RARA,9
GO:0043409,negative regulation of MAPK cascade,14/539,150/14572,0.0933333333333333,2.52329004329004,3.67518568624708,0.00134915474708633,0.0491587887039401,0.0427208888681031,ERRFI1/ATF3/DUSP2/PDCD4/TNIP1/DUSP1/SPRY4/KLF4/EFNA1/TRIB1/PTPN22/SPRY1/TRIB3/PER1,14
GO:0009070,serine family amino acid biosynthetic process,4/539,14/14572,0.285714285714286,7.72435727537768,4.93318883041271,0.00137805631412057,0.0491587887039401,0.0427208888681031,CTH/SHMT2/CBS/LOC102724560,4
GO:0009713,catechol-containing compound biosynthetic process,4/539,14/14572,0.285714285714286,7.72435727537768,4.93318883041271,0.00137805631412057,0.0491587887039401,0.0427208888681031,ALDH2/NR4A2/SNCA/GCH1,4
GO:0015803,branched-chain amino acid transport,4/539,14/14572,0.285714285714286,7.72435727537768,4.93318883041271,0.00137805631412057,0.0491587887039401,0.0427208888681031,SLC3A2/SLC6A15/SLC7A8/SLC7A5,4
GO:0042423,catecholamine biosynthetic process,4/539,14/14572,0.285714285714286,7.72435727537768,4.93318883041271,0.00137805631412057,0.0491587887039401,0.0427208888681031,ALDH2/NR4A2/SNCA/GCH1,4
GO:0045117,azole transmembrane transport,4/539,14/14572,0.285714285714286,7.72435727537768,4.93318883041271,0.00137805631412057,0.0491587887039401,0.0427208888681031,SLC47A1/SLC38A3/SLC25A29/SLC19A2,4
GO:0050667,homocysteine metabolic process,4/539,14/14572,0.285714285714286,7.72435727537768,4.93318883041271,0.00137805631412057,0.0491587887039401,0.0427208888681031,CTH/MMUT/CBS/LOC102724560,4
GO:1901334,lactone metabolic process,4/539,14/14572,0.285714285714286,7.72435727537768,4.93318883041271,0.00137805631412057,0.0491587887039401,0.0427208888681031,SLC2A1/SLC2A3/GSTO2/ERO1A,4
GO:0048008,platelet-derived growth factor receptor signaling pathway,8/539,59/14572,0.135593220338983,3.6657966730606,4.0210384774046,0.0014004392087895,0.0491587887039401,0.0427208888681031,ZFAND5/VEGFA/CSRNP1/NR4A3/TXNIP/HIP1R/SNCA/TIPARP,8
GO:2000630,positive regulation of miRNA metabolic process,8/539,59/14572,0.135593220338983,3.6657966730606,4.0210384774046,0.0014004392087895,0.0491587887039401,0.0427208888681031,JUN/ATOH8/KLF4/RELA/FOS/FOXO3/NEAT1/ZC3H12A,8
GO:0006090,pyruvate metabolic process,12/539,118/14572,0.101694915254237,2.74934750479545,3.73927036343235,0.00140259774488923,0.0491587887039401,0.0427208888681031,DDIT4/PFKFB3/HK2/PCK1/PRKAA2/ENO2/PRKAG2/INSR/LDHC/PDK1/PFKFB4/IER3,12
GO:0046632,alpha-beta T cell differentiation,12/539,118/14572,0.101694915254237,2.74934750479545,3.73927036343235,0.00140259774488923,0.0491587887039401,0.0427208888681031,IRF4/RORC/FOSL2/IRF1/JUNB/NCKAP1L/PNP/IL6R/SOCS1/RARA/SOCS3/ZC3H12A,12
