category,subcategory,ID,Description,GeneRatio,BgRatio,RichFactor,FoldEnrichment,zScore,pvalue,p.adjust,qvalue,geneID,Count
Organismal Systems,Digestive system,hsa04974,Protein digestion and absorption,22/234,88/7182,0.25,7.67307692307692,11.5582574121903,3.25790158860974e-14,8.66601822570191e-12,8.16190082199072e-12,COL1A1/SLC36A1/COL1A2/COL5A1/COL5A3/COL5A2/COL18A1/COL6A1/COL3A1/COL6A2/COL2A1/COL24A1/COL15A1/COL4A2/KCNN4/COL21A1/ELN/COL4A1/COL11A1/SLC8A3/DPP4/MME,22
Cellular Processes,Cell motility,hsa04820,Cytoskeleton in muscle cells,24/234,210/7182,0.114285714285714,3.50769230769231,6.76823910886185,6.60303084078056e-08,8.78203101823815e-06,8.27116494792513e-06,THBS2/COL1A1/COL1A2/COL5A1/LMNB2/THBS3/COL5A3/COL5A2/COL6A1/COL3A1/COL6A2/DIAPH3/COL24A1/COL4A2/FN1/PDLIM7/ELN/COL4A1/COL11A1/MYL9/NID2/FBLN2/FLNC/VCAN,24
Environmental Information Processing,Signaling molecules and interaction,hsa04512,ECM-receptor interaction,13/234,87/7182,0.149425287356322,4.58620689655172,6.17574357172739,4.0161273248673e-06,0.000356096622804901,0.00033538186081348,THBS2/COL1A1/COL1A2/THBS3/TNC/COL6A1/COL6A2/COL2A1/LAMB1/COL4A2/FN1/COL4A1/LAMB3,13
Environmental Information Processing,Signaling molecules and interaction,hsa04518,Integrin signaling,16/234,151/7182,0.105960264900662,3.25216505348956,5.13275609247746,2.9369836414419e-05,0.00195309412155886,0.00183947922806098,THBS2/COL1A1/PDGFC/COL1A2/CCND1/THBS3/TNC/COL6A1/COL6A2/COL2A1/LAMB1/COL4A2/VEGFC/FN1/COL4A1/LAMB3,16
Cellular Processes,Cellular community - eukaryotes,hsa04510,Focal adhesion,18/234,195/7182,0.0923076923076923,2.83313609467456,4.76252348235489,6.02542465179942e-05,0.00320552591475729,0.00301905487816476,THBS2/COL1A1/SHC4/PDGFC/COL1A2/CCND1/THBS3/TNC/COL6A1/COL6A2/COL2A1/LAMB1/COL4A2/VEGFC/FN1/COL4A1/MYL9/LAMB3,18
Organismal Systems,Endocrine system,hsa04926,Relaxin signaling pathway,13/234,115/7182,0.11304347826087,3.4695652173913,4.89916832778576,8.53473958743509e-05,0.00378373455042956,0.00356362810843781,COL1A1/SHC4/MMP13/COL1A2/COL3A1/ADCY7/MMP2/COL4A2/VEGFC/GNG11/COL4A1/ADCY1/GNG2,13
Human Diseases,Infectious disease: viral,hsa05165,Human papillomavirus infection,22/234,296/7182,0.0743243243243243,2.28118503118503,4.13090007274336,0.000239237351167434,0.0090910193443625,0.00856217888388712,THBS2/CDK6/COL1A1/TRAF3/COL1A2/CCND1/NOTCH3/THBS3/FZD8/TNC/COL6A1/CCNA2/COL6A2/COL2A1/WNT5A/LAMB1/WNT5B/COL4A2/FN1/COL4A1/FZD1/LAMB3,22
Human Diseases,Infectious disease: parasitic,hsa05146,Amoebiasis,10/234,81/7182,0.123456790123457,3.78917378917379,4.63264280450747,0.000274110849122906,0.00911418573333662,0.00858399764358574,COL1A1/COL1A2/COL3A1/LAMB1/COL4A2/TGFB3/FN1/COL4A1/ADCY1/LAMB3,10
Human Diseases,Endocrine and metabolic disease,hsa04933,AGE-RAGE signaling pathway in diabetic complications,10/234,95/7182,0.105263157894737,3.23076923076923,4.01657350399566,0.000990429423872779,0.0274901305306065,0.0258909816631751,COL1A1/COL1A2/CCND1/COL3A1/MMP2/COL4A2/TGFB3/VEGFC/FN1/COL4A1,10
Environmental Information Processing,Signal transduction,hsa04151,PI3K-Akt signaling pathway,21/234,308/7182,0.0681818181818182,2.09265734265734,3.5968727205312,0.0010334635537822,0.0274901305306065,0.0258909816631751,THBS2/CDK6/COL1A1/PDGFC/COL1A2/CCND1/THBS3/TNC/COL6A1/COL6A2/COL2A1/LAMB1/COL4A2/VEGFC/FN1/GNG11/COL4A1/CSF1R/GNG2/LAMB3/SGK1,21
Cellular Processes,Cell growth and death,hsa04110,Cell cycle,13/234,151/7182,0.0860927152317881,2.64238410596027,3.74304583626947,0.00123986979150531,0.0299823058673103,0.0282381828113172,CDK6/BUB1B/CCND1/CDK1/TTK/CCNA2/TFDP1/E2F4/KNL1/BUB1/TGFB3/PCNA/CCNB1,13
